{"model_data": {"model": "SimpleRNN", "input_size": 1, "skip": 1, "output_size": 1, "unit_type": "GRU", "num_layers": 1, "hidden_size": 10, "bias_fl": true}, "state_dict": {"rec.weight_ih_l0": [[0.026569083333015442], [-0.1435069441795349], [-0.01908482238650322], [0.013315476477146149], [-0.1741243600845337], [0.029241980984807014], [0.008612163364887238], [-0.29657629132270813], [-0.02278672531247139], [-0.19479402899742126], [0.0010837059235200286], [-0.00015967656509019434], [0.0006424690946005285], [0.00047219678526744246], [0.056997042149305344], [0.027173899114131927], [0.0009144592913798988], [-0.0013868293026462197], [-0.00018530890520196408], [-0.0003037243732251227], [0.22340232133865356], [-0.22413139045238495], [0.4476604461669922], [-0.7291899919509888], [-0.7293369174003601], [0.6611446142196655], [0.3080412745475769], [-0.3450525104999542], [-0.8347893953323364], [0.24974094331264496]], "rec.weight_hh_l0": [[-0.13367494940757751, -0.005649544298648834, 0.07595322281122208, 0.20083101093769073, -0.24735046923160553, -0.09260398149490356, 0.09335826337337494, 0.053390007466077805, 0.1618509143590927, -0.009786982089281082], [-0.08177846670150757, 0.01927138864994049, 0.2559106945991516, -0.07412981986999512, -0.060274939984083176, -0.0843377560377121, 0.21662811934947968, 0.19151391088962555, -0.14678065478801727, 0.11155157536268234], [-0.014744149520993233, -0.00942249782383442, -0.014018109068274498, 0.018118754029273987, -0.00401005893945694, -0.018251506611704826, -0.007972173392772675, -0.006661935243755579, 0.018151694908738136, -0.000669316214043647], [-0.007275783456861973, -0.026092298328876495, -0.009502592496573925, 0.017446091398596764, -0.022920237854123116, -0.0004289135686121881, -5.624583354801871e-05, -0.025169963017106056, -0.002332290867343545, 0.003340826602652669], [0.23846307396888733, 0.08548659086227417, -0.04499070718884468, -0.08624088019132614, -0.16608037054538727, -0.08494515717029572, 0.07396811246871948, -0.28722506761550903, -0.14509421586990356, -0.03228059038519859], [0.14567822217941284, -0.11992708593606949, -0.11744170635938644, 0.18546539545059204, -0.23122462630271912, 0.08448389917612076, 0.10651902854442596, 0.06327379494905472, -0.1335020214319229, 0.0009153459686785936], [0.09467805176973343, -0.023680899292230606, -0.03481529280543327, 0.12822432816028595, -0.009321512654423714, 0.0034653469920158386, -0.008595890365540981, -0.07915624976158142, -0.024116424843668938, -0.0001515253388788551], [-0.1677553951740265, 0.24989882111549377, 0.31040069460868835, -0.011901017278432846, -0.036394719034433365, 0.18446338176727295, -0.1395672857761383, -0.23251748085021973, 0.007741460110992193, 0.13354654610157013], [-0.007784057408571243, 0.019327517598867416, -0.01465015858411789, 0.013700952753424644, -0.035405829548835754, 0.007953498512506485, -0.002100955229252577, -0.0031267893500626087, 0.01597657799720764, -0.0026405854150652885], [0.10748160630464554, -0.018958935514092445, 0.1497257947921753, -0.21519561111927032, -0.26475629210472107, -0.12221213430166245, 0.19937486946582794, -0.12050729990005493, -0.008572484366595745, 0.0657879188656807], [0.00698122987523675, -0.0067784134298563, 0.006898279767483473, -0.0038432241417467594, -0.002748865867033601, 0.005685575772076845, 0.0032407359685748816, -0.0038081156089901924, -0.004807834979146719, -0.00035420883796177804], [-0.002456383779644966, -0.03009476326406002, -0.004710582084953785, 0.012375470250844955, -0.0230560265481472, 0.0016288524493575096, 0.0014619036810472608, -0.025201112031936646, -0.0010518827475607395, -0.0007466863607987761], [0.005977876018732786, 0.004698105622082949, 0.0063866982236504555, -0.007077322807163, 0.005528244189918041, 0.0054821413941681385, 0.0016335775144398212, 0.005583889316767454, -0.003954478073865175, -3.410417411942035e-05], [0.007690028753131628, 0.019462795928120613, 0.009239617735147476, -0.01372530497610569, 0.01700376160442829, 0.005632373970001936, 0.0016864254139363766, 0.018354302272200584, -0.0036521684378385544, -0.00043194388854317367], [0.3538326919078827, 0.8753439784049988, 0.5032235980033875, -0.5068398118019104, 0.695683479309082, -0.11363165080547333, 0.04889886453747749, 0.6174666881561279, -0.0638180822134018, 0.0183485746383667], [0.20901711285114288, 0.7312908172607422, 0.36872464418411255, -0.44175955653190613, 0.6780000329017639, -0.050338372588157654, 0.02849382348358631, 0.6308962106704712, -0.032670777291059494, 0.006700365804135799], [0.0018872313667088747, -0.038794342428445816, -0.0014670367818325758, 0.01245955377817154, -0.029727308079600334, 0.00507388124242425, 0.0037696606013923883, -0.03220285847783089, -0.005255179014056921, -0.001300354371778667], [-0.018071966245770454, -0.1067926362156868, -0.027525706216692924, 0.05380881577730179, -0.0873471274971962, -0.0033469442278146744, 0.001536842668429017, -0.09321991354227066, 0.00148236274253577, -0.00222357758320868], [-0.0006060801679268479, -0.0193802397698164, -0.0018867254257202148, 0.006705345585942268, -0.014776562340557575, 0.0015719486400485039, 0.0006957839941605926, -0.01570432074368, -0.0005068784230388701, -0.0010599520755931735], [0.0009456113330088556, -0.02620382234454155, -0.0008703022613190114, 0.008107795380055904, -0.0191437229514122, 0.0036244799848645926, 0.0027998778969049454, -0.0213704165071249, -0.00372961163520813, -0.000195877073565498], [0.15631428360939026, 0.0975542813539505, 0.15740790963172913, -0.0028646690770983696, 0.011088136583566666, 0.23938779532909393, 0.21894696354866028, -0.20269711315631866, -0.08223271369934082, 0.07748221606016159], [0.26318541169166565, 0.1458137035369873, -0.16757531464099884, -0.26418736577033997, 0.001872071879915893, -0.16797374188899994, 0.06621423363685608, 0.24299180507659912, -0.31542453169822693, -0.039954591542482376], [-0.14047998189926147, -0.11555380374193192, -0.2855384051799774, 0.2290356457233429, 0.0886637344956398, -0.2647034227848053, -0.2928760349750519, -0.2776861786842346, -0.07562451809644699, 0.09517636150121689], [0.04516579955816269, 0.1828584223985672, 0.08014828711748123, -0.2482728362083435, 0.2553296685218811, 0.17924636602401733, -0.1054081842303276, -0.13770931959152222, -0.12840689718723297, -0.06778056919574738], [-0.14161069691181183, 0.15522219240665436, -0.08760891854763031, 0.19255250692367554, -0.14883753657341003, -0.19432784616947174, 0.3426133692264557, -0.16497652232646942, 0.03357948735356331, -0.05198487639427185], [0.16858898103237152, 0.1531791388988495, -0.09440889954566956, 0.09298862516880035, -0.29477155208587646, 0.02225123532116413, -0.09861167520284653, 0.30263838171958923, 0.0435783825814724, -0.0017092471243813634], [0.15757854282855988, -0.09176778048276901, -0.28249606490135193, 0.3568631112575531, -0.309406578540802, -0.008554529398679733, -0.13373930752277374, 0.0043846918269991875, 0.20625200867652893, -0.1221473440527916], [-0.040034592151641846, 0.16568437218666077, 0.1920499950647354, 0.11066816747188568, 0.05255401134490967, 0.16464611887931824, 0.30452483892440796, -0.15428747236728668, -0.35490918159484863, 0.2768998146057129], [0.1343381553888321, -0.033896587789058685, -0.10689391195774078, -0.21971358358860016, 0.10049451887607574, -0.08000915497541428, 0.25058430433273315, 0.3258141875267029, -0.012314848601818085, -0.09065968543291092], [-0.190251886844635, -0.028685366734862328, -0.05600961670279503, 0.28832942247390747, -0.07457645237445831, -0.035838231444358826, -0.005224867723882198, -0.026372352614998817, 0.04843733459711075, -0.05444921925663948]],