{"model_data": {"model": "SimpleRNN", "input_size": 1, "skip": 1, "output_size": 1, "unit_type": "GRU", "num_layers": 1, "hidden_size": 10, "bias_fl": true}, "state_dict": {"rec.weight_ih_l0": [[0.019630730152130127], [-0.13505123555660248], [-0.009090776555240154], [0.013151386752724648], [-0.14728598296642303], [0.018323631957173347], [-0.011289311572909355], [-0.2958785593509674], [-0.030607355758547783], [-0.18911685049533844], [-0.0007123048999346793], [-0.00031539658084511757], [-0.0001274996466236189], [-0.00201296410523355], [0.05755912885069847], [0.023505428805947304], [0.001065163523890078], [-0.00014157759142108262], [-0.0029518697410821915], [5.3467461839318275e-05], [0.2198449969291687], [-0.2216394990682602], [0.4746631979942322], [-0.7454904913902283], [-0.722263514995575], [0.6470734477043152], [0.32624414563179016], [-0.36074933409690857], [-1.0052332878112793], [0.2615194320678711]], "rec.weight_hh_l0": [[-0.0853043645620346, -0.0076267290860414505, 0.04448811709880829, 0.14969898760318756, -0.17905926704406738, -0.035106271505355835, 0.027425430715084076, 0.03544853627681732, 0.08313702046871185, 0.001416670624166727], [-0.05722064524888992, 0.02653355710208416, 0.2547873854637146, -0.0858980342745781, -0.050510019063949585, -0.07652951776981354, 0.14303821325302124, 0.19067205488681793, -0.16514471173286438, 0.07159168273210526], [-0.005644591990858316, -0.007065362296998501, -0.007461687549948692, 0.01119969692081213, -0.005833654664456844, -0.0015883309533819556, -0.0004267004842404276, -0.0048215351998806, 0.010439284145832062, -0.0008506326121278107], [-0.00015148530656006187, -0.021993087604641914, -0.0009586393716745079, 0.005690922494977713, -0.014527888968586922, -0.004570729564875364, -0.001773408381268382, -0.021943259984254837, -0.01653033122420311, 0.0013044654624536633], [0.21396245062351227, 0.07447626441717148, -0.04487165808677673, -0.0787980780005455, -0.1688755601644516, -0.0692773312330246, 0.058119092136621475, -0.28479352593421936, -0.13350316882133484, 0.0007223652792163193], [0.10623502731323242, -0.10457150638103485, -0.08923863619565964, 0.15786272287368774, -0.1959039866924286, 0.048910316079854965, 0.03117692656815052, 0.056994810700416565, -0.09119910001754761, -0.005035717040300369], [0.059268366545438766, 0.0006684102118015289, -0.003278369316831231, 0.0722125917673111, 0.015860596671700478, 0.0014832080341875553, -0.00859135016798973, -0.038512054830789566, -0.01706342026591301, -0.005813960451632738], [-0.142023965716362, 0.24887724220752716, 0.29824098944664, -0.01970474235713482, -0.02856128290295601, 0.16104382276535034, -0.12218905240297318, -0.2196517437696457, -0.009223924949765205, 0.06693757325410843], [-0.004433905240148306, 0.008262845687568188, -0.007410546764731407, 0.012567992322146893, -0.00046175220631994307, 0.005517854355275631, -0.0002770707360468805, 0.0114740040153265, 0.030051087960600853, -0.0031355456449091434], [0.1070312038064003, -0.01546044647693634, 0.14182999730110168, -0.21032491326332092, -0.2543938457965851, -0.09617415815591812, 0.13461242616176605, -0.11383127421140671, -0.022021150216460228, 0.029277751222252846], [-0.004577464424073696, -0.01428524125367403, -0.005913153290748596, 0.00892611313611269, -0.010776855982840061, -0.002734446432441473, 4.6268789446912706e-05, -0.012587214820086956, 0.00261729396879673, 0.00038912586751393974], [0.005896127317100763, 0.0033515822142362595, 0.006358924321830273, -0.005539351608604193, 0.0055432370863854885, 0.004207413177937269, -0.0001652867067605257, 0.0043707359582185745, -0.002663516439497471, -0.0005971931968815625], [0.0020339726470410824, 0.005093623884022236, 0.002581940032541752, -0.003779888618737459, 0.004074340686202049, 0.0013080546632409096, -3.640299473772757e-05, 0.0047558885999023914, -0.0009588929242454469, -2.74457415798679e-05], [0.01824919506907463, 0.04993481561541557, 0.023662321269512177, -0.03395380079746246, 0.04103584587574005, 0.010715563781559467, -0.00048501408309675753, 0.04618724063038826, -0.006539232563227415, -0.0013352253008633852], [0.3180078864097595, 0.8498638272285461, 0.46911895275115967, -0.48055481910705566, 0.6799665689468384, -0.12907706201076508, 0.010491453111171722, 0.5973433256149292, -0.03984362632036209, 0.020458968356251717], [0.17855454981327057, 0.7009885907173157, 0.3308994770050049, -0.4097760319709778, 0.6515296101570129, -0.06055969372391701, -0.00036010771873407066, 0.6023308634757996, -0.013527018018066883, 0.006055943667888641], [-0.01096141617745161, -0.04303348809480667, -0.014928417280316353, 0.024523330852389336, -0.03300156444311142, -0.006414804607629776, 0.0003176725876983255, -0.0383637398481369, 0.0039108977653086185, 0.0008717639720998704], [-0.029685260728001595, -0.1070089042186737, -0.040173642337322235, 0.06491824984550476, -0.08280589431524277, -0.017069393768906593, 0.0005033629713580012, -0.0956394225358963, 0.012714236043393612, 0.0017347526736557484], [0.010097160004079342, 0.014766434207558632, 0.01083323173224926, -0.011147540993988514, 0.014160172082483768, 0.008022061549127102, -0.0006872512749396265, 0.014764874242246151, -0.0031002426985651255, -0.0017793362494558096], [-0.016500672325491905, -0.053498897701501846, -0.02192508429288864, 0.03389052301645279, -0.041856855154037476, -0.009533319622278214, 0.00019501784117892385, -0.04821997135877609, 0.007155205123126507, 0.0009768392192199826], [0.1444483995437622, 0.09636594355106354, 0.14921116828918457, 0.0003331328625790775, 0.015965960919857025, 0.20708797872066498, 0.18485774099826813, -0.1976449191570282, -0.06862059980630875, 0.04925725236535072], [0.2772376835346222, 0.14707913994789124, -0.15395693480968475, -0.27474212646484375, 0.0013403985649347305, -0.16350103914737701, 0.0518757589161396, 0.24085412919521332, -0.3458877503871918, -0.024257447570562363], [-0.11863837391138077, -0.10965899378061295, -0.24613584578037262, 0.20565670728683472, 0.09274599701166153, -0.24074262380599976, -0.20297032594680786, -0.26722145080566406, -0.10643727332353592, 0.06758955121040344], [0.01230297889560461, 0.16781020164489746, 0.03791745752096176, -0.1986594796180725, 0.2241296023130417, 0.15268558263778687, -0.04305489733815193, -0.12490934133529663, 0.006201593205332756, -0.05712089315056801], [-0.1412634700536728, 0.1482129544019699, -0.08989367634057999, 0.19449293613433838, -0.15489967167377472, -0.1908753216266632, 0.3406120836734772, -0.17072609066963196, 0.03254598379135132, -0.028136981651186943], [0.16467003524303436, 0.15834100544452667, -0.09234891086816788, 0.09190112352371216, -0.28592661023139954, 0.016639437526464462, -0.10621967911720276, 0.3069543242454529, 0.049621518701314926, -0.025636915117502213], [0.13239829242229462, -0.10005292296409607, -0.2889055609703064, 0.36737990379333496, -0.3072894811630249, -0.020594967529177666, -0.09938312321901321, -0.0017625989858061075, 0.2288367748260498, -0.09217336773872375], [-0.02352003939449787, 0.16956916451454163, 0.1992601454257965, 0.09997370094060898, 0.05224517732858658, 0.16822972893714905, 0.2732340097427368, -0.1516140103340149, -0.3753487467765808, 0.25485727190971375], [0.0856349915266037, -0.032490324229002, -0.1513403058052063, -0.1608130782842636, 0.06811434030532837, 0.004979425575584173, 0.16926142573356628, 0.3170917332172394, 0.1300317943096161, -0.15242643654346466], [-0.19568052887916565, -0.030065545812249184, -0.059097226709127426, 0.2908371686935425, -0.0701141357421875, -0.0457223616540432, 0.0042794812470674515, -0.026373326778411865, 0.06427707523107529, -0.042603883892297745]],