{"current_epoch": 116, "training_losses": [1.3234882354736328, 0.5944312810897827, 0.5996367335319519, 0.5952262878417969, 0.5869337320327759, 0.58979731798172, 0.6004509329795837, 0.6001426577568054, 0.5882805585861206, 0.5840938687324524, 0.5813401341438293, 0.5852148532867432, 0.5905421376228333, 0.5887759923934937, 0.5887963175773621, 0.6012106537818909, 0.5957267880439758, 0.6005112528800964, 0.6024051308631897, 0.5853559374809265, 0.5855366587638855, 0.6008674502372742, 0.586020290851593, 0.5947777628898621, 0.5905468463897705, 0.5930207967758179, 0.5942403674125671, 0.5937034487724304, 0.584643542766571, 0.5891154408454895, 0.6057964563369751, 0.5927103161811829, 0.5918272733688354, 0.5877179503440857, 0.5848946571350098, 0.6153721213340759, 0.5842248797416687, 0.5842968821525574, 0.5854166746139526, 0.576587975025177, 0.5869958400726318, 0.5888301730155945, 0.5874942541122437, 0.6033635139465332, 0.5963853597640991, 0.5985838174819946, 0.5868253707885742, 0.5906227231025696, 0.5783513784408569, 0.5950344204902649, 0.5919063091278076, 0.5974022746086121, 0.599751889705658, 0.5823521018028259, 0.5891666412353516, 0.5852688550949097, 0.5888772010803223, 0.5941113829612732, 0.5934489369392395, 0.6071018576622009, 0.5893182158470154, 0.5915438532829285, 0.5744521617889404, 0.5824609994888306, 0.5870851278305054, 0.5808812379837036, 0.5851864218711853, 0.5925302505493164, 0.5965054631233215, 0.5896985530853271, 0.5906119346618652, 0.5783534049987793, 0.5953287482261658, 0.5896829962730408, 0.5948491096496582, 0.5947943329811096, 0.591783344745636, 0.581087052822113, 0.5791738629341125, 0.6020968556404114, 0.5976356863975525, 0.5931766629219055, 0.5816031694412231, 0.5884153842926025, 0.5925559401512146, 0.593069851398468, 0.5907629728317261, 0.5866503119468689, 0.6000280380249023, 0.5920997262001038, 0.5932143926620483, 0.5945948958396912, 0.5986531376838684, 0.5999466776847839, 0.5906577110290527, 0.5945280194282532, 0.5938169360160828, 0.5850359797477722, 0.5899415612220764, 0.580807626247406, 0.5963045954704285, 0.5885470509529114, 0.5931919813156128, 0.5916857719421387, 0.5963582992553711, 0.5910546183586121, 0.5860342979431152, 0.5924665927886963, 0.5818883180618286, 0.587493896484375, 0.593621015548706, 0.5809201598167419, 0.5851773023605347, 0.5931874513626099, 0.5926570296287537, 0.5990394353866577], "validation_losses": [0.5764842629432678, 0.5766827464103699, 0.5694976449012756, 0.578376054763794, 0.5693753361701965, 0.5684028267860413, 0.5692077279090881, 0.572864830493927, 0.5724126696586609, 0.5697212219238281, 0.5737978219985962, 0.5694135427474976, 0.5693324208259583, 0.5697740912437439, 0.5692542195320129, 0.5714663863182068, 0.5693960189819336, 0.5732163786888123, 0.569148600101471, 0.5682409405708313, 0.5684083104133606, 0.5701273083686829, 0.5708115696907043, 0.5690013766288757, 0.5683618187904358, 0.5714395046234131, 0.5690675377845764, 0.5688965916633606, 0.5693035125732422, 0.5698136687278748, 0.56974196434021, 0.5675869584083557, 0.5680442452430725, 0.5686911344528198, 0.5695559978485107, 0.5677505135536194, 0.5676085948944092, 0.5695552229881287, 0.567922055721283, 0.568286657333374, 0.5690975785255432, 0.5688721537590027, 0.568530261516571, 0.5685321688652039, 0.5688580274581909, 0.5688560009002686, 0.5691031217575073, 0.5690040588378906, 0.5688406825065613, 0.5679386258125305, 0.568031370639801, 0.5681324005126953, 0.5681909322738647, 0.5681021213531494, 0.5678507685661316, 0.5678412318229675, 0.5678216218948364, 0.5679125785827637], "train_av_time": 11.371723055839539, "val_av_time": 12.688589096069336, "total_time": 0.6545509774155088, "best_val_loss": 0.5675869584083557, "test_loss": 0, "test_loss_final": 0.5679123997688293, "test_lossESR_final": 0.7572157382965088, "test_loss_best": 0.5675868391990662, "test_lossESR_best": 0.7567822933197021}