{"model_data": {"model": "SimpleRNN", "input_size": 1, "skip": 1, "output_size": 1, "unit_type": "GRU", "num_layers": 1, "hidden_size": 10, "bias_fl": true}, "state_dict": {"rec.weight_ih_l0": [[0.001855081762187183], [-0.018127065151929855], [-0.4650452435016632], [0.7963801622390747], [-0.09140768647193909], [-0.2616538107395172], [0.046379733830690384], [0.036279063671827316], [-0.01751668006181717], [0.2187943160533905], [0.015866292640566826], [0.09517562389373779], [0.02450522594153881], [-0.006730196066200733], [0.0264870747923851], [-0.00249489420093596], [-0.07472575455904007], [0.004908442962914705], [0.14333476126194], [-0.014807636849582195], [-0.14647389948368073], [0.1118704229593277], [-1.2525136470794678], [-4.206060409545898], [0.009595968760550022], [-2.189033269882202], [0.6614294052124023], [-0.1452903002500534], [-0.30306899547576904], [2.249969482421875]], "rec.weight_hh_l0": [[-0.13798660039901733, 0.043659280985593796, 0.12527939677238464, -0.1516503542661667, 0.27196118235588074, 0.08624432981014252, -0.07171349227428436, 0.016557568684220314, 0.24792799353599548, 0.027411386370658875], [-0.07193373143672943, 0.18318000435829163, -0.12154190987348557, -0.09528454393148422, 0.20633819699287415, -0.3703266978263855, -0.1898694634437561, 0.2812681198120117, 0.34811651706695557, 0.14901098608970642], [-0.14419877529144287, 0.2615301311016083, 2.06669545173645, 2.2796173095703125, -0.563008189201355, 1.3769683837890625, 0.18359045684337616, -0.1078604981303215, -0.5499820113182068, -0.33535704016685486], [-0.1653304100036621, 0.019938040524721146, -0.09840529412031174, 0.14738020300865173, 0.8195148706436157, 0.0405069962143898, 0.14491026103496552, -0.14427249133586884, -0.03650134429335594, 0.6018765568733215], [0.15557289123535156, -0.0984925851225853, -0.14841720461845398, 0.5444374084472656, 0.5440095663070679, 0.788438618183136, 0.05124422162771225, -0.10464423149824142, 0.06073358654975891, -0.4696007966995239], [0.005824423395097256, 0.16790880262851715, 0.6111817955970764, 0.7969412207603455, 0.33353832364082336, 1.8525538444519043, 0.20384232699871063, -0.020463434979319572, -0.03119376301765442, -0.4354715347290039], [-0.5068885087966919, 0.047776129096746445, 0.23634712398052216, -0.015347928740084171, 0.17871998250484467, 0.18870949745178223, 0.35976091027259827, -0.24900080263614655, -0.08214263617992401, 0.20961378514766693], [0.22632990777492523, 0.38377806544303894, -0.32644492387771606, 0.11454305797815323, 0.26843899488449097, 0.0718638077378273, 0.05900879204273224, -0.10938973724842072, -0.2897147238254547, 0.03264455497264862], [0.21110312640666962, 0.06272320449352264, 0.18456795811653137, 0.12586785852909088, 0.41352373361587524, 0.3024054765701294, -0.1021471917629242, -0.20678813755512238, 0.10779362916946411, 0.0005988821503706276], [0.07770036906003952, -0.40193742513656616, -0.2170000523328781, 0.006837401073426008, -0.3287033438682556, -0.07907494902610779, 0.08059068024158478, -0.34562164545059204, -0.06804744899272919, 0.26952967047691345], [-0.03664979338645935, 0.34061187505722046, 0.5414345860481262, 0.12857969105243683, 0.4601932168006897, -0.05004367232322693, 0.782917320728302, 0.2141970843076706, 0.2390550673007965, 0.8727310299873352], [-0.057306792587041855, 0.406283974647522, 0.15429452061653137, 0.034715328365564346, 0.6925264596939087, 0.1652614176273346, 1.0731278657913208, 0.3820028603076935, -0.20065031945705414, 1.035717248916626], [-0.11578366160392761, -0.20312775671482086, -0.5149170160293579, -0.24175219237804413, -0.36455556750297546, -0.45402011275291443, -0.11956685781478882, -0.028923701494932175, -0.07165468484163284, -0.24471044540405273], [0.07395511120557785, -0.1893414407968521, -0.45139068365097046, 0.03642186522483826, -0.5353220701217651, -0.4235742688179016, -0.22922383248806, -0.1512766182422638, -0.029703743755817413, -0.31896013021469116], [0.36754074692726135, 0.4759179353713989, -0.11700817197561264, 0.03729381784796715, 0.45595839619636536, 0.09849841147661209, 0.3673165440559387, 0.11544276773929596, 0.0024607789237052202, 0.26916733384132385], [0.06489396840333939, -0.1613381803035736, -0.29743993282318115, 0.07550732791423798, -0.5094523429870605, -0.23804256319999695, -0.17963360249996185, -0.2509253919124603, -0.04607606306672096, -0.2755235433578491], [0.19528213143348694, 0.0007127017015591264, 0.6299321055412292, 0.004479703027755022, 0.8542096614837646, 0.3651279807090759, 0.7670220136642456, 0.3256753981113434, 0.4714861810207367, 0.6055561900138855], [0.4282134473323822, 0.14676916599273682, -0.4052203893661499, -0.062247127294540405, 0.8552234172821045, 0.12777115404605865, 0.8749944567680359, 0.35272103548049927, -0.27524739503860474, 0.5442689061164856], [0.4626237750053406, 0.660228967666626, 0.3341485261917114, -0.4155387282371521, 0.9263003468513489, 0.1376899629831314, 0.7996998429298401, 0.3282259404659271, 0.29820868372917175, 1.1849181652069092], [-0.01770317368209362, 0.04860119894146919, 0.3583577871322632, -0.07498007267713547, -0.2829679548740387, 0.050935737788677216, -0.33498817682266235, 0.27746498584747314, 0.057657480239868164, -0.14966228604316711], [0.7940189242362976, -0.7138373851776123, -0.010251248255372047, 0.14290815591812134, 0.1971895545721054, 0.01584138534963131, 0.43298250436782837, -0.8931872248649597, 0.4792495369911194, -0.38529497385025024], [0.7363471388816833, 0.18600600957870483, 0.03549685701727867, 0.35525432229042053, -0.010287360288202763, -0.25578704476356506, -0.35955652594566345, 0.7706119418144226, -0.5470443964004517, 0.08299249410629272], [-0.4640820622444153, 0.14032500982284546, 1.225975751876831, 2.8401525020599365, -0.16867229342460632, 1.3004827499389648, 0.26306524872779846, -0.20674461126327515, -0.31139490008354187, -0.34274452924728394], [-0.17148171365261078, -0.1786496788263321, -0.3985873758792877, 0.5883224606513977, -0.8374735713005066, -0.1463538557291031, 0.28454315662384033, 0.008509582839906216, -0.7469558715820312, -0.617662250995636], [-0.021625719964504242, 0.19124065339565277, 0.06250821053981781, 1.0993947982788086, 0.12931033968925476, 0.7884941697120667, 0.09955016523599625, -0.19478771090507507, 0.2673397958278656, -0.6565820574760437], [-0.5574426651000977, 0.35500478744506836, 0.3320798873901367, 1.5862728357315063, 0.17022107541561127, 0.9484885334968567, 0.6399622559547424, -0.1529553234577179, -0.6132166981697083, -0.7593528628349304], [-0.537718653678894, -0.36208710074424744, -0.38333821296691895, -0.20998959243297577, -0.04546331614255905, 0.1811310201883316, 0.21094611287117004, -0.5373421311378479, 0.257124662399292, 0.36891716718673706], [0.246874138712883, -0.21501564979553223, 0.7876186966896057, 0.1735488474369049, -0.1365453004837036, -0.41554224491119385, -0.768642783164978, 0.7873174548149109, -0.22849716246128082, 0.03992138057947159], [-0.18359042704105377, -0.004077166318893433, 0.0399487279355526, 0.8657702803611755, 0.04236849769949913, 0.442827045917511, -0.5218188166618347, 0.2577769160270691, 1.4069650173187256, -0.20440931618213654], [-0.43191584944725037, -0.3157547414302826, 0.021238772198557854, 0.5900447964668274, -0.10924255102872849, -0.1294751763343811, -0.03130510821938515, 0.15837274491786957, 0.22222626209259033, 0.3650541305541992]], "rec.bias_ih_l0": [0.4022368788719177, 0.3791523575782776, -0.1711195558309555, 0.025580206885933876, 0.07953152060508728, 0.09859924763441086, -0.01762114092707634, 0.5082927942276001, 0.13389863073825836, 0.06687682867050171, 1.5754302740097046, 1.3969473838806152, -0.8564788699150085, -1.0622625350952148, 0.8323870301246643, -0.9535039067268372, 0.8653553128242493, 1.423478603363037, 1.3529020547866821, -0.3415904939174652, 0.15869739651679993, 0.12324206531047821, -0.303460031747818, 0.5320911407470703, 0.23918186128139496, -0.11637187749147415, 0.26827535033226013, 0.216522678732872, -0.06652041524648666, 0.15061020851135254],