{"model_data": {"model": "SimpleRNN", "input_size": 1, "skip": 1, "output_size": 1, "unit_type": "GRU", "num_layers": 1, "hidden_size": 10, "bias_fl": true}, "state_dict": {"rec.weight_ih_l0": [[-0.04745553806424141], [0.7076912522315979], [-2.235424757003784], [1.0618406534194946], [-0.4650227427482605], [-0.9469456672668457], [0.12427685409784317], [0.3468853235244751], [0.09887336194515228], [-0.06708792597055435], [0.251741886138916], [1.0938045978546143], [0.6310262680053711], [1.2923883199691772], [-0.21133288741111755], [0.396642804145813], [-0.8949607014656067], [0.7642534971237183], [1.9149545431137085], [0.0020072865299880505], [-0.43707916140556335], [0.5957483649253845], [-1.6776411533355713], [-1.3361738920211792], [-0.7590091824531555], [-1.0719521045684814], [-0.04537134990096092], [-0.23682132363319397], [0.5172900557518005], [0.32549774646759033]], "rec.weight_hh_l0": [[0.25441551208496094, 0.268724262714386, 0.8739185929298401, 0.6423230171203613, 0.32068854570388794, 0.49625328183174133, 0.2085953950881958, -0.09085185825824738, -0.3090105652809143, 0.09164317697286606], [0.3469192683696747, 0.08358141034841537, 0.48098909854888916, -0.04145302250981331, 0.1576935052871704, -0.27315661311149597, -0.1537095457315445, -0.3876262605190277, -0.3591021001338959, 0.16487812995910645], [0.29216301441192627, 0.345233291387558, 0.9333696365356445, 1.1405029296875, 0.11488369107246399, 0.7526559233665466, 0.23903216421604156, 0.3075292706489563, -0.05571658909320831, 0.00843957718461752], [-0.024914026260375977, -0.2356702834367752, -0.37539955973625183, -0.13590888679027557, 0.30209067463874817, -0.34861913323402405, 0.2565321624279022, -0.2032586634159088, 0.454452246427536, 0.2587933838367462], [0.21038034558296204, -0.260701984167099, -0.27382826805114746, 0.33689752221107483, 0.2734401524066925, 0.35637304186820984, 0.5416460633277893, -0.18607087433338165, 0.3706171214580536, -0.20234151184558868], [0.03862662985920906, -0.03571273013949394, 0.4860456883907318, 0.563629686832428, 0.17886599898338318, 0.10021604597568512, -0.26501017808914185, 0.24901169538497925, -0.37888216972351074, 0.05352066829800606], [0.20215056836605072, 0.4053623676300049, 0.26480358839035034, 0.7291474938392639, 0.2541625201702118, 0.04403776675462723, -0.39273685216903687, -0.032933853566646576, -0.569678783416748, -0.30282530188560486], [0.6168457865715027, -0.12326763570308685, -0.0777602419257164, -0.4169056713581085, 0.18604928255081177, -0.001720197731629014, 0.7905763387680054, -0.3855796754360199, -0.25930508971214294, 0.4885792136192322], [0.12111492455005646, 0.1368430256843567, 0.5542103052139282, 0.0860782116651535, 0.4192868769168854, 0.14956888556480408, 0.2236480861902237, 0.11885715276002884, 1.077720284461975, 0.458545446395874], [0.2435510903596878, 0.23950821161270142, 0.04956694319844246, 0.3685881495475769, -0.22712038457393646, -0.12432567030191422, 0.2703705132007599, 0.09960389882326126, 0.06127723306417465, -0.20571771264076233], [0.7750533223152161, 0.5319914817810059, -0.03423641249537468, -0.6622303128242493, 0.8774880170822144, 0.11500031501054764, 1.2649941444396973, 0.4616580903530121, 0.21605493128299713, 0.8321799635887146], [1.2711397409439087, 1.1708821058273315, -0.31497058272361755, -0.6579756736755371, 1.320791244506836, 0.4985184371471405, 1.6787896156311035, 1.0619802474975586, 0.008206061087548733, 1.202971339225769], [-0.1598636656999588, -0.14301617443561554, -0.7757267355918884, -0.26315370202064514, -0.14449383318424225, -0.5583310127258301, -0.18505239486694336, -0.030499979853630066, -0.20894603431224823, -0.06989694386720657], [0.33864811062812805, 0.46587589383125305, -1.269970417022705, -0.7309960722923279, 0.1487472802400589, -0.16763827204704285, 0.03256149962544441, 0.4960104525089264, 0.3362864553928375, 0.43700337409973145], [0.9287857413291931, 0.5036026239395142, 0.17862306535243988, 0.2194872498512268, 0.8112194538116455, 0.3728114664554596, 0.9722105264663696, 0.16842341423034668, -1.0763592720031738, 0.2774942219257355], [0.0631251111626625, -0.16685821115970612, -0.8695656657218933, 0.10988113284111023, -0.16815140843391418, -0.12959809601306915, -0.18643338978290558, -0.4140866994857788, 0.002655945485457778, -0.09629709273576736], [0.7099900841712952, 0.6996791362762451, 1.024139165878296, 1.2856045961380005, 1.0666813850402832, 1.430598258972168, 1.418377161026001, 1.2056268453598022, 0.9427817463874817, 0.5169779062271118], [0.614794909954071, 0.9780612587928772, -0.8435152769088745, -0.35306546092033386, 0.9707443118095398, -0.22019504010677338, 0.5904241800308228, 0.9071521162986755, 0.08621799945831299, 0.6916795372962952], [1.3108147382736206, 0.989037036895752, 0.4971657395362854, 0.12373143434524536, 1.2101033926010132, 0.7824296355247498, 1.5899574756622314, 0.7346345782279968, 0.6677148342132568, 1.2621803283691406], [-0.238693505525589, -0.2237003892660141, -0.22946952283382416, -0.03213115409016609, -0.21901220083236694, -0.13894538581371307, -0.22332897782325745, -0.18561595678329468, 0.052797865122556686, -0.1347873955965042], [-0.028511986136436462, -0.028949813917279243, -0.036582667380571365, -0.1272396296262741, 0.31802815198898315, 0.1636122316122055, 0.5902785658836365, -0.4647173285484314, -0.3613164722919464, 0.20957142114639282], [0.1904086470603943, -0.17203272879123688, 0.3626936674118042, 0.4463326334953308, 0.06691525131464005, 0.23533467948436737, -0.18744981288909912, 0.4008811116218567, -0.37005722522735596, -0.04860100522637367], [-0.17744792997837067, 0.3243412971496582, 0.7404733300209045, 0.8244853615760803, 0.18220962584018707, 0.7062967419624329, -0.12064427137374878, -0.10996212065219879, -0.38054442405700684, -0.27051040530204773], [-0.2029552310705185, -0.1299189031124115, 0.2637333869934082, 0.3635658919811249, -0.3284618556499481, -0.11019253730773926, -0.11730843037366867, -0.02921212650835514, -0.6462969779968262, -0.09670374542474747], [0.09795878827571869, 0.22548416256904602, 0.10973983258008957, 0.469387412071228, -0.1633434146642685, 0.04849110543727875, 0.46122944355010986, 0.17906489968299866, 0.3786031901836395, -0.03481120243668556], [-0.20908991992473602, -0.15702787041664124, 0.2870410680770874, 0.4078485667705536, 0.2040809839963913, -0.08420227468013763, 0.3467150032520294, -0.19814038276672363, -0.04882058873772621, -0.1581098735332489], [-0.10199393332004547, -0.34625244140625, -0.5273445844650269, -0.18300209939479828, 0.08745452016592026, 0.18178342282772064, 0.0679023265838623, -0.29670509696006775, 0.37208276987075806, 0.21914133429527283], [0.2168385535478592, -0.1755332499742508, 0.5919554233551025, 1.038497805595398, -0.20800311863422394, -0.011774037964642048, -0.3616493046283722, 0.026856187731027603, -0.32042521238327026, -0.020362745970487595], [-0.4288504421710968, 0.19566111266613007, 0.17701733112335205, 0.0403582826256752, 0.03972012549638748, 0.22896888852119446, -0.5217325687408447, 0.4351887106895447, 0.8925111889839172, 0.09089495986700058], [-0.19459658861160278, -0.14325299859046936, -0.028415722772479057, -0.3818468451499939, -0.014734378084540367, -0.26354435086250305, 0.16582177579402924, 0.111808180809021, 0.23009197413921356, -0.23451125621795654]], "rec.bias_ih_l0": [0.1718476265668869, 0.3098369836807251, 0.05700298398733139, 0.049814291298389435, -0.05284144729375839, -0.20262812077999115, -0.08387952297925949, 0.5029270052909851, -0.03275499865412712, 0.16273531317710876, 1.2941672801971436, 0.9169103503227234, -0.05859963968396187, 0.12179543823003769, 1.1075292825698853, 0.3112231194972992, 0.5903048515319824, 1.2695895433425903, 1.2550678253173828, -0.0518040657043457, 0.28795325756073, 0.13557927310466766, -0.09700930118560791, 0.2481822371482849, 0.28858479857444763, -0.00380891771055758, 0.2831455171108246, 0.17344555258750916, -0.06488082557916641, 0.08939732611179352],