{"model_data": {"model": "SimpleRNN", "input_size": 1, "skip": 1, "output_size": 1, "unit_type": "GRU", "num_layers": 1, "hidden_size": 10, "bias_fl": true}, "state_dict": {"rec.weight_ih_l0": [[0.020312147215008736], [0.9674457907676697], [-2.3336658477783203], [1.0519863367080688], [-0.4497910439968109], [-0.9581684470176697], [0.16313068568706512], [0.44970813393592834], [0.022425254806876183], [-0.0736834779381752], [0.12199299782514572], [0.9486177563667297], [0.5465454459190369], [1.2081834077835083], [-0.232761949300766], [0.27697136998176575], [-0.8524684309959412], [0.7214158773422241], [2.000147581100464], [-0.003460207022726536], [-0.42559814453125], [0.6989306211471558], [-1.7588437795639038], [-1.3549253940582275], [-0.8098868727684021], [-1.1842840909957886], [-0.0678635761141777], [-0.05535217374563217], [0.4412846267223358], [0.42641347646713257]], "rec.weight_hh_l0": [[0.3242339491844177, 0.27039504051208496, 0.9032475352287292, 0.5921740531921387, 0.36853188276290894, 0.5451475381851196, 0.2623112201690674, -0.23865337669849396, -0.4243444502353668, 0.11070267856121063], [0.3505687415599823, 0.06144745275378227, 0.37988197803497314, -0.18007846176624298, 0.13267725706100464, -0.3796689510345459, -0.14289140701293945, -0.4416607618331909, -0.4694209098815918, 0.1926482766866684], [0.2863897681236267, 0.32339945435523987, 0.9675027132034302, 1.1674158573150635, 0.10614500939846039, 0.7906394600868225, 0.26576998829841614, 0.2649103105068207, -0.02461336739361286, -0.009455068036913872], [-0.02220715396106243, -0.2451644092798233, -0.3516453206539154, -0.11011835187673569, 0.3015882670879364, -0.3311176300048828, 0.24581071734428406, -0.21978777647018433, 0.4463292062282562, 0.24465753138065338], [0.19882480800151825, -0.2772643566131592, -0.25710442662239075, 0.3701796233654022, 0.26970943808555603, 0.38306671380996704, 0.5540434122085571, -0.2472686916589737, 0.3826141655445099, -0.21422907710075378], [0.032397009432315826, -0.0319608598947525, 0.4834863245487213, 0.5592948198318481, 0.1755087524652481, 0.11471142619848251, -0.22963964939117432, 0.24800461530685425, -0.3370727300643921, 0.056362949311733246], [0.20269006490707397, 0.39620208740234375, 0.2673472762107849, 0.7275769710540771, 0.24309885501861572, 0.03237251192331314, -0.4127786457538605, -0.03392607346177101, -0.621431291103363, -0.3112717866897583], [0.6935279369354248, -0.11980842053890228, -0.14886794984340668, -0.4908199608325958, 0.20215155184268951, -0.10896407812833786, 0.809852123260498, -0.5171488523483276, -0.49720457196235657, 0.5143517255783081], [0.12280304729938507, 0.12301278859376907, 0.5249112248420715, 0.04160820692777634, 0.40779566764831543, 0.15243010222911835, 0.2724720537662506, 0.1114751547574997, 1.0235382318496704, 0.44022276997566223], [0.23178236186504364, 0.22062234580516815, 0.109095498919487, 0.45468592643737793, -0.23819619417190552, -0.09173421561717987, 0.23893092572689056, 0.10546552389860153, 0.010786662809550762, -0.23610363900661469], [0.7364521622657776, 0.5366716980934143, -0.05976268649101257, -0.6374545097351074, 0.85052889585495, 0.05636248365044594, 1.1817028522491455, 0.5220720767974854, 0.3940819203853607, 0.8120414614677429], [1.2943884134292603, 1.2118642330169678, -0.3619089722633362, -0.6593307852745056, 1.3466557264328003, 0.4859972596168518, 1.686478614807129, 1.1467374563217163, -0.03705984726548195, 1.2191756963729858], [-0.25930872559547424, -0.22423994541168213, -0.8539578318595886, -0.2552091181278229, -0.2240307629108429, -0.6225460171699524, -0.28648680448532104, -0.09430506080389023, -0.17053385078907013, -0.1351003348827362], [0.26102206110954285, 0.38444483280181885, -1.3368382453918457, -0.6830021739006042, 0.08202522993087769, -0.2381073236465454, -0.05955823138356209, 0.39917606115341187, 0.3171848654747009, 0.3741728365421295], [0.8583441376686096, 0.39548078179359436, 0.17598187923431396, 0.32499128580093384, 0.6845824122428894, 0.36578744649887085, 0.8832120299339294, 0.11115389317274094, -1.092881441116333, 0.09409836679697037], [0.008988914079964161, -0.24999646842479706, -0.8560207486152649, 0.11917842924594879, -0.22871370613574982, -0.13431990146636963, -0.22431544959545135, -0.5240340828895569, -0.01558267418295145, -0.16041868925094604], [0.7073122262954712, 0.7100092768669128, 1.0252524614334106, 1.22278892993927, 1.0881776809692383, 1.4459377527236938, 1.506663203239441, 1.1660404205322266, 1.0864253044128418, 0.5586668848991394], [0.6368442177772522, 0.9918278455734253, -0.9320473670959473, -0.28275859355926514, 0.9610218405723572, -0.30063962936401367, 0.5317437052726746, 0.96583092212677, -0.1405978500843048, 0.6744949817657471], [1.2818115949630737, 0.963250458240509, 0.4700588285923004, 0.1638653576374054, 1.178515076637268, 0.7042932510375977, 1.5077909231185913, 0.6919977068901062, 0.5556356310844421, 1.2366681098937988], [-0.2537524104118347, -0.25001606345176697, -0.23504415154457092, -0.03495333716273308, -0.2506249248981476, -0.1334563046693802, -0.21891185641288757, -0.2180284708738327, 0.026345666497945786, -0.13299407064914703], [-0.007803973276168108, -0.07515453547239304, -0.009229123592376709, -0.10760959982872009, 0.3122456669807434, 0.19360516965389252, 0.6326695084571838, -0.5562487840652466, -0.36204758286476135, 0.1873890608549118], [0.1891649067401886, -0.16255678236484528, 0.34058117866516113, 0.41854792833328247, 0.061648037284612656, 0.19006222486495972, -0.21284820139408112, 0.43278756737709045, -0.4027746021747589, -0.0384390726685524], [-0.17994730174541473, 0.32877716422080994, 0.7517685890197754, 0.8235601782798767, 0.18284277617931366, 0.7204246520996094, -0.10289987176656723, -0.10120294243097305, -0.3568783104419708, -0.26411330699920654], [-0.2096022665500641, -0.11998622864484787, 0.25241750478744507, 0.3475557863712311, -0.3297962546348572, -0.1223585307598114, -0.11544232070446014, -0.007099560461938381, -0.633462131023407, -0.08654307574033737], [0.09323546290397644, 0.20843330025672913, 0.1376345455646515, 0.5384426116943359, -0.1625896543264389, 0.09216424077749252, 0.47237661480903625, 0.11518524587154388, 0.3680534064769745, -0.05243741348385811], [-0.2191445678472519, -0.15899333357810974, 0.269890695810318, 0.3953489065170288, 0.197140634059906, -0.07933035492897034, 0.3743818998336792, -0.21577854454517365, -0.030343811959028244, -0.15374277532100677], [-0.10293731838464737, -0.3523677885532379, -0.5021178722381592, -0.14217668771743774, 0.09318389743566513, 0.2121834009885788, 0.07485025376081467, -0.3257554769515991, 0.39306676387786865, 0.2106628715991974], [0.2187621295452118, -0.15507493913173676, 0.6032883524894714, 1.092125654220581, -0.22411678731441498, -0.08261065930128098, -0.4450094997882843, 0.11496314406394958, -0.47384488582611084, -0.03636232763528824], [-0.44996118545532227, 0.1965174376964569, 0.16667364537715912, 0.07970746606588364, 0.029510080814361572, 0.24351078271865845, -0.5311596989631653, 0.42746666073799133, 0.8563335537910461, 0.05984087288379669], [-0.19153228402137756, -0.14884978532791138, -0.025229649618268013, -0.3696254789829254, -0.013844989240169525, -0.27068135142326355, 0.15158477425575256, 0.10478608310222626, 0.20817135274410248, -0.23988983035087585]], "rec.bias_ih_l0": [0.22455386817455292, 0.30442899465560913, 0.050183843821287155, 0.044987376779317856, -0.05642678961157799, -0.20101889967918396, -0.09072414040565491, 0.5402147769927979, -0.04389572516083717, 0.1471695452928543, 1.2795604467391968, 0.9458861947059631, -0.13341397047042847, 0.06415200978517532, 1.0430011749267578, 0.2534565329551697, 0.6127780675888062, 1.2765672206878662, 1.236365795135498, -0.12370608001947403, 0.2780614197254181, 0.136296346783638, -0.09463679790496826, 0.2500061094760895, 0.28405895829200745, -0.0021991408430039883, 0.2831800878047943, 0.16788315773010254, -0.07710342854261398, 0.08719564974308014],