{"current_epoch": 9, "training_losses": [0.6611234545707703, 0.4250582754611969, 0.30305394530296326, 0.226588174700737, 0.20262174308300018, 0.19828152656555176, 0.19963829219341278, 0.17385685443878174, 0.15981270372867584], "validation_losses": [0.3732984960079193, 0.19789549708366394, 0.17525090277194977, 0.16812705993652344], "train_av_time": 6.990033984184265, "val_av_time": 12.46657121181488, "total_time": 0.04648210161262089, "best_val_loss": 0.16812705993652344, "test_loss": 0}