{"current_epoch": 202, "training_losses": [0.0640757605433464, 0.05459918454289436, 0.050509072840213776, 0.05121737718582153, 0.05099555477499962, 0.051437463611364365, 0.04781043156981468, 0.04434163123369217, 0.0434529073536396, 0.04116412252187729, 0.04339044541120529, 0.04327934980392456, 0.040862105786800385, 0.04841889813542366, 0.03971901163458824, 0.053170084953308105, 0.0418122373521328, 0.03949949890375137, 0.03694307431578636, 0.03744836151599884, 0.036086197942495346, 0.03496738523244858, 0.03666013106703758, 0.03666318953037262, 0.03769567981362343, 0.035039834678173065, 0.039341963827610016, 0.03908548876643181, 0.03684283047914505, 0.0370195209980011, 0.036358874291181564, 0.03535279259085655, 0.03504062816500664, 0.036013465374708176, 0.03492320701479912, 0.03776463121175766, 0.0349794439971447, 0.0377797856926918, 0.0405665822327137, 0.04013368487358093, 0.03565904498100281, 0.04019263759255409, 0.036436595022678375, 0.03494324907660484, 0.03635320067405701, 0.035570722073316574, 0.036704812198877335, 0.037100568413734436, 0.034110281616449356, 0.03348829224705696, 0.03602708503603935, 0.034029554575681686, 0.03767353668808937, 0.03757595643401146, 0.035873863846063614, 0.034538425505161285, 0.03509436175227165, 0.03865644335746765, 0.03375844284892082, 0.034050531685352325, 0.03753965348005295, 0.03311510011553764, 0.036014266312122345, 0.03258582577109337, 0.038166772574186325, 0.0333421491086483, 0.03351848945021629, 0.033639173954725266, 0.03593269735574722, 0.03381285071372986, 0.03246236965060234, 0.03951861709356308, 0.036427732557058334, 0.03433741256594658, 0.034414347261190414, 0.03386761248111725, 0.03500646352767944, 0.03439218923449516, 0.033056870102882385, 0.03505867347121239, 0.03399088606238365, 0.035385847091674805, 0.033715397119522095, 0.0332503579556942, 0.03226838633418083, 0.035037215799093246, 0.03374200686812401, 0.03398263826966286, 0.035045456141233444, 0.03286106884479523, 0.034004949033260345, 0.03786609321832657, 0.033369749784469604, 0.03559277206659317, 0.0345592126250267, 0.03619896620512009, 0.036415811628103256, 0.03301865980029106, 0.03550942614674568, 0.03847986087203026, 0.032929278910160065, 0.041842021048069, 0.03316802531480789, 0.03441200777888298, 0.04157555103302002, 0.03432831913232803, 0.03758343681693077, 0.03948140889406204, 0.03449932485818863, 0.03449948504567146, 0.033132266253232956, 0.03417450934648514, 0.0360119603574276, 0.036096420139074326, 0.03470069169998169, 0.03371569886803627, 0.03655615076422691, 0.03316892310976982, 0.034640297293663025, 0.03546059504151344, 0.03312276303768158, 0.033700019121170044, 0.03239339962601662, 0.03694681078195572, 0.035107653588056564, 0.0378284826874733, 0.03323545679450035, 0.03297021612524986, 0.044491805136203766, 0.035755705088377, 0.035294387489557266, 0.03441595658659935, 0.03537827357649803, 0.03345493599772453, 0.033609967678785324, 0.03320538252592087, 0.034567005932331085, 0.032741446048021317, 0.03334048390388489, 0.035451363772153854, 0.036038145422935486, 0.03348039463162422, 0.03614062815904617, 0.034057121723890305, 0.03301141783595085, 0.03389151021838188, 0.03410390391945839, 0.033294159919023514, 0.034797072410583496, 0.034346725791692734, 0.03433368727564812, 0.03243923932313919, 0.03380516171455383, 0.03282928466796875, 0.046141367405653, 0.032701991498470306, 0.03272239491343498, 0.03450847789645195, 0.033266860991716385, 0.032669007778167725, 0.0341930091381073, 0.03239811211824417, 0.03450421243906021, 0.035875532776117325, 0.042566150426864624, 0.032734859734773636, 0.032630596309900284, 0.033392101526260376, 0.03589826822280884, 0.03398118540644646, 0.035579632967710495, 0.03171011433005333, 0.034101735800504684, 0.032424863427877426, 0.03469808027148247, 0.03352778032422066, 0.039878878742456436, 0.03486642986536026, 0.03415725752711296, 0.034795936197042465, 0.032939039170742035, 0.031688954681158066, 0.03280903026461601, 0.035883065313100815, 0.03233129903674126, 0.03291013464331627, 0.03522218391299248, 0.03512275218963623, 0.03613390401005745, 0.03398481011390686, 0.03359322249889374, 0.034754589200019836, 0.040417104959487915, 0.03231436386704445, 0.03651813417673111, 0.03716282919049263, 0.035907793790102005, 0.035020168870687485, 0.035107895731925964, 0.03374648094177246, 0.033291857689619064, 0.04263084754347801], "validation_losses": [0.05569644272327423, 0.057505592703819275, 0.05280804634094238, 0.05945056676864624, 0.04401056095957756, 0.046797726303339005, 0.05892641469836235, 0.05132635310292244, 0.043925367295742035, 0.03938168287277222, 0.04372648894786835, 0.04038954898715019, 0.0393332839012146, 0.04455370455980301, 0.0452885739505291, 0.03935990110039711, 0.037628717720508575, 0.042963963001966476, 0.04011702537536621, 0.03845176845788956, 0.04293719679117203, 0.03780470788478851, 0.03904825448989868, 0.041665829718112946, 0.0413794219493866, 0.040061529725790024, 0.038319043815135956, 0.03986755758523941, 0.04012544825673103, 0.0406951978802681, 0.03811563551425934, 0.03887975960969925, 0.037426214665174484, 0.039008695632219315, 0.03800823539495468, 0.03849143907427788, 0.038698673248291016, 0.04081454500555992, 0.03817550465464592, 0.03949270769953728, 0.035726819187402725, 0.035558540374040604, 0.03757845610380173, 0.03725719451904297, 0.035960741341114044, 0.039681922644376755, 0.036621201783418655, 0.04111019894480705, 0.03603164851665497, 0.0375601164996624, 0.04215449094772339, 0.03585147112607956, 0.035576384514570236, 0.038918204605579376, 0.036736831068992615, 0.035944271832704544, 0.03813386335968971, 0.035549063235521317, 0.034970950335264206, 0.03591972962021828, 0.03664202615618706, 0.037598561495542526, 0.04774704948067665, 0.0358767956495285, 0.03528159111738205, 0.03634972870349884, 0.03618668392300606, 0.03527605161070824, 0.03562266752123833, 0.03804408013820648, 0.03568332642316818, 0.03505033999681473, 0.03525247424840927, 0.03519328311085701, 0.03478448837995529, 0.035260673612356186, 0.0353541225194931, 0.035355344414711, 0.03522510454058647, 0.03507999703288078, 0.035113781690597534, 0.035278670489788055, 0.03510191664099693, 0.0351962111890316, 0.03579103574156761, 0.03508463129401207, 0.03520829975605011, 0.0350850448012352, 0.035320691764354706, 0.03527053818106651, 0.035185471177101135, 0.035146359354257584, 0.03503548726439476, 0.035056546330451965, 0.03505643084645271, 0.035048190504312515, 0.035032663494348526, 0.03507043421268463, 0.035123661160469055, 0.03515192121267319, 0.03522109612822533], "train_av_time": 10.55829632282257, "val_av_time": 11.790950417518616, "total_time": 0.9984014471371974, "best_val_loss": 0.03478448837995529, "test_loss": 0, "test_loss_final": 0.035220444202423096, "test_lossESR_final": 0.04695762321352959, "test_loss_best": 0.03478551283478737, "test_lossESR_best": 0.046356745064258575}